1,1,edR6UEJLRW8,https://www.youtube.com/watch?v=edR6UEJLRW8,I Put the HOVERAir X1 ProMax to the Real Test… Here&#39;s My Verdict,i put the hoverair x1 promax to the real test… here&#39;s my verdict,i-put-the-hoverair-x1-promax-to-the-real-test-here39s-my,Christian Eggbauer,de,2026-03-16 19:15:03+00,1,"title matched: hover, hoverair, x1, x1 promax, x1 pro, hoverair x1 | description matched: hover, hoverair, zero zero robotics, x1, x1 promax, x1 pro, hoverair x1",DISCOVERED,"","",,2026-04-28 06:12:03.133875+00,2026-04-28 06:12:03.133875+00
2,1,zctb_joRqpA,https://www.youtube.com/watch?v=zctb_joRqpA,Fliegender Kameramann dabei: Lohnt sich die HOVERAir X1 PROMAX Selfie-Drohne für Motorradfahrer?,fliegender kameramann dabei: lohnt sich die hoverair x1 promax selfie-drohne für motorradfahrer?,fliegender-kameramann-dabei-lohnt-sich-die-hoverair-x1-promax-selfiedrohne-fr-motorradfahrer,WOLFs Bike on Tour TV,de,2026-03-17 16:54:40+00,1,"title matched: hover, hoverair, x1, x1 promax, x1 pro, hoverair x1 | description matched: hover, hoverair, x1, x1 promax, x1 pro, hoverair x1",DISCOVERED,"","",,2026-04-28 06:12:07.667269+00,2026-04-28 06:12:07.667269+00
3,1,N8hcyFiiWF8,https://www.youtube.com/watch?v=N8hcyFiiWF8,8K in der Hosentasche | HOVERAIR X1 Pro Max Kollisionstest &amp; 4K Beispielvideos und Fahrradverfolgung,8k in der hosentasche | hoverair x1 pro max kollisionstest &amp; 4k beispielvideos und fahrradverfolgung,8k-in-der-hosentasche-hoverair-x1-pro-max-kollisionstest-amp-4k-beispielvideos,TechVideo,de,2026-03-19 18:20:38+00,1,"title matched: hover, hoverair, x1, x1 pro, hoverair x1",DISCOVERED,"","",,2026-04-28 06:12:07.689451+00,2026-04-28 06:12:07.689451+00
4,1,K9X_rnrUKs4,https://www.youtube.com/watch?v=K9X_rnrUKs4,Drone Pilots Are Cooked… | HoverAir X1 Pro Max,drone pilots are cooked… | hoverair x1 pro max,drone-pilots-are-cooked-hoverair-x1-pro-max,Mark Gustov,de,2026-03-10 12:00:37+00,1,"title matched: hover, hoverair, x1, x1 pro, hoverair x1 | description matched: hover, hoverair, x1, x1 pro, hoverair x1",DISCOVERED,"","",,2026-04-28 06:12:07.709448+00,2026-04-28 06:12:07.709448+00
5,1,Ia8moSN3TiQ,https://www.youtube.com/watch?v=Ia8moSN3TiQ,2026’s Must-Have Tech for Filming-Hoverair X1 Pro Max Camera Review,2026’s must-have tech for filming-hoverair x1 pro max camera review,2026s-musthave-tech-for-filminghoverair-x1-pro-max-camera-review,"Shopping with Amy - Homegoods, Tech, Gift Ideas",de,2026-01-30 03:53:42+00,1,"title matched: hover, hoverair, x1, x1 pro, hoverair x1",DISCOVERED,"","",,2026-04-28 06:12:07.729051+00,2026-04-28 06:12:07.729051+00
6,1,zrJf3GMedD4,https://www.youtube.com/watch?v=zrJf3GMedD4,HoverAir X1 im Test: So gut ist die günstige Kamera-Drohne wirklich!,hoverair x1 im test: so gut ist die günstige kamera-drohne wirklich!,hoverair-x1-im-test-so-gut-ist-die-gnstige-kameradrohne-wirklich,Nerdbench,de,2026-04-10 10:58:52+00,1,"title matched: hover, hoverair, x1, hoverair x1 | description matched: hover, hoverair, x1, hoverair x1",DISCOVERED,"","",,2026-04-28 06:12:07.750013+00,2026-04-28 06:12:07.750013+00
7,1,Iko4VBWSFb4,https://www.youtube.com/watch?v=Iko4VBWSFb4,I Tried the HOVERAir X1 PROMAX… and WOW!,i tried the hoverair x1 promax… and wow!,i-tried-the-hoverair-x1-promax-and-wow,LIFE IN SPEED Mike Angels,de,2026-03-12 13:28:57+00,1,"title matched: hover, hoverair, x1, x1 promax, x1 pro, hoverair x1 | description matched: hover, hoverair, x1, x1 promax, x1 pro, hoverair x1",DISCOVERED,"","",,2026-04-28 06:12:07.771575+00,2026-04-28 06:12:07.771575+00
8,1,Eg5LT1kKuyA,https://www.youtube.com/watch?v=Eg5LT1kKuyA,HOVERAir X1 Pro Max - So Much MORE Than Just a Selfie Drone!,hoverair x1 pro max - so much more than just a selfie drone!,hoverair-x1-pro-max-so-much-more-than-just-a-selfie-drone,51 Drones,de,2026-01-31 19:53:37+00,1,"title matched: hover, hoverair, x1, x1 pro, hoverair x1 | description matched: hover, hoverair, x1, x1 pro, hoverair x1",DISCOVERED,"","",,2026-04-28 06:12:07.791079+00,2026-04-28 06:12:07.791079+00
9,1,3PqbnAn1XXQ,https://www.youtube.com/watch?v=3PqbnAn1XXQ,Einfach und Genial👍HOVER Air X1 Pro Max👉Die Drohne die alles vereinfacht👍,einfach und genial👍hover air x1 pro max👉die drohne die alles vereinfacht👍,einfach-und-genialhover-air-x1-pro-maxdie-drohne-die-alles-vereinfacht,Chillout Camper Other Views,de,2026-03-12 17:00:05+00,1,"title matched: hover, x1, x1 pro | description matched: hover",DISCOVERED,"","",,2026-04-28 06:12:07.815211+00,2026-04-28 06:12:07.815211+00
10,1,Ql5R54wpqb8,https://www.youtube.com/watch?v=Ql5R54wpqb8,Best Drone for Biking? Honest Review of HOVERAir X1 PROMAX,best drone for biking? honest review of hoverair x1 promax,best-drone-for-biking-honest-review-of-hoverair-x1-promax,Bike Magazine,de,2026-02-20 17:02:48+00,1,"title matched: hover, hoverair, x1, x1 promax, x1 pro, hoverair x1 | description matched: hover, hoverair, x1, x1 promax, x1 pro, hoverair x1",DISCOVERED,"","",,2026-04-28 06:12:07.834588+00,2026-04-28 06:12:07.834588+00
11,1,-C2arMtWtDA,https://www.youtube.com/watch?v=-C2arMtWtDA,HOVERAIR X1 PROMAX : LE DRONE 8K QUI TE SUIT PARTOUT 😳,hoverair x1 promax : le drone 8k qui te suit partout 😳,hoverair-x1-promax-le-drone-8k-qui-te-suit-partout,JOLATE TV,de,2026-04-18 18:07:58+00,1,"title matched: hover, hoverair, x1, x1 promax, x1 pro, hoverair x1 | description matched: hover, hoverair, x1, x1 promax, x1 pro, hoverair x1",DISCOVERED,"","",,2026-04-28 06:12:07.853673+00,2026-04-28 06:12:07.853673+00
12,1,Dl6WjiGlQnw,https://www.youtube.com/watch?v=Dl6WjiGlQnw,Experience Filming Like Never Before  - 8K HOVERAir X1 PRO MAX Unboxing &amp; Review.,experience filming like never before - 8k hoverair x1 pro max unboxing &amp; review.,experience-filming-like-never-before-8k-hoverair-x1-pro-max-unboxing-amp,PBKreviews,de,2026-02-04 02:18:05+00,1,"title matched: hover, hoverair, x1, x1 pro, hoverair x1 | description matched: hover, hoverair, x1, x1 pro, hoverair x1",DISCOVERED,"","",,2026-04-28 06:12:07.884916+00,2026-04-28 06:12:07.884916+00
13,1,0WOzuyalqR4,https://www.youtube.com/watch?v=0WOzuyalqR4,"Pocket Drone, Massive Potential/Flying Smarter with HOVERAir X1 ProMax","pocket drone, massive potential/flying smarter with hoverair x1 promax",pocket-drone-massive-potentialflying-smarter-with-hoverair-x1-promax,We're the Roberts,de,2026-02-19 17:00:02+00,1,"title matched: hover, hoverair, x1, x1 promax, x1 pro, hoverair x1 | description matched: hover, hoverair, x1, x1 promax, x1 pro, hoverair x1",DISCOVERED,"","",,2026-04-28 06:12:07.906272+00,2026-04-28 06:12:07.906272+00
14,1,Zr3HMGPHpes,https://www.youtube.com/watch?v=Zr3HMGPHpes,HoverAir X1 ProMax Captures Your Most Epic Moments in 8K,hoverair x1 promax captures your most epic moments in 8k,hoverair-x1-promax-captures-your-most-epic-moments-in-8k,Open Circuit RC & Tech,de,2026-02-11 06:01:15+00,1,"title matched: hover, hoverair, x1, x1 promax, x1 pro, hoverair x1 | description matched: hover, hoverair, x1, x1 promax, x1 pro, hoverair x1",DISCOVERED,"","",,2026-04-28 06:12:07.925316+00,2026-04-28 06:12:07.925316+00
15,1,4XkqT_ll0Sc,https://www.youtube.com/watch?v=4XkqT_ll0Sc,Why I Keep Using This Drone | HoverAir X1 Pro Max,why i keep using this drone | hoverair x1 pro max,why-i-keep-using-this-drone-hoverair-x1-pro-max,MarkusSenior,de,2026-04-22 04:59:52+00,1,"title matched: hover, hoverair, x1, x1 pro, hoverair x1 | description matched: hover, hoverair, x1, x1 pro, hoverair x1",DISCOVERED,"","",,2026-04-28 06:12:07.946442+00,2026-04-28 06:12:07.946442+00
16,1,VxMu7aTZ-DI,https://www.youtube.com/watch?v=VxMu7aTZ-DI,Hover Air X1 Pro Max Review – Best Self-Flying Drone?,hover air x1 pro max review – best self-flying drone?,hover-air-x1-pro-max-review-best-selfflying-drone,Drew Elia,de,2026-04-04 13:00:06+00,1,"title matched: hover, x1, x1 pro | description matched: hover",DISCOVERED,"","",,2026-04-28 06:12:07.966304+00,2026-04-28 06:12:07.966304+00
17,1,l6V6EIHunNQ,https://www.youtube.com/watch?v=l6V6EIHunNQ,Testing the HoverAir X1 Pro in Windy Conditions,testing the hoverair x1 pro in windy conditions,testing-the-hoverair-x1-pro-in-windy-conditions,Kelly Chameleon,de,2026-04-03 15:14:01+00,1,"title matched: hover, hoverair, x1, x1 pro, hoverair x1",DISCOVERED,"","",,2026-04-28 06:12:07.985444+00,2026-04-28 06:12:07.985444+00
18,1,Jy4xnUBuMHA,https://www.youtube.com/watch?v=Jy4xnUBuMHA,Can This Drone Really Follow You? HOVERAir X1 PROMAX Tested,can this drone really follow you? hoverair x1 promax tested,can-this-drone-really-follow-you-hoverair-x1-promax-tested,MarkusSenior,de,2026-04-09 19:49:51+00,1,"title matched: hover, hoverair, x1, x1 promax, x1 pro, hoverair x1 | description matched: hover, hoverair, x1, x1 promax, x1 pro, hoverair x1",DISCOVERED,"","",,2026-04-28 06:12:08.004418+00,2026-04-28 06:12:08.004418+00
19,1,kaojOx1wiFs,https://www.youtube.com/watch?v=kaojOx1wiFs,Je teste le Hover Air X1 Pro Max à vélo : le drone parfait pour filmer en solo ?,je teste le hover air x1 pro max à vélo : le drone parfait pour filmer en solo ?,je-teste-le-hover-air-x1-pro-max-vlo-le-drone-parfait,Paillettes et Camouflage,de,2026-02-11 17:30:15+00,1,"title matched: hover, x1, x1 pro | description matched: hover, x1, x1 pro",DISCOVERED,"","",,2026-04-28 06:12:08.039838+00,2026-04-28 06:12:08.039838+00
20,1,fVGwdB9jJEQ,https://www.youtube.com/watch?v=fVGwdB9jJEQ,HoverAir X1 Promax Unboxing - Die Drohne die Du haben willst!,hoverair x1 promax unboxing - die drohne die du haben willst!,hoverair-x1-promax-unboxing-die-drohne-die-du-haben-willst,EMTB-Xplore,de,2026-03-13 14:01:15+00,1,"title matched: hover, hoverair, x1, x1 promax, x1 pro, hoverair x1 | description matched: hover, hoverair, x1, x1 promax, x1 pro, hoverair x1",DISCOVERED,"","",,2026-04-28 06:12:08.063589+00,2026-04-28 06:12:08.063589+00
